product_name,sentiment,brewing_method,review_text,date,tasting_notes
Sweetheart Single Origin Espresso Rotation,liked,Espresso Machine,"the first time I have found an amazing roast that suits my palate, when. The citrus notes bring such a lovely airy and refreshing flavor, the light sweetness on the aftertaste makes my mouth water after every sip. I will be ordering as much as I can. This was a delightful bean",06/30/2025,"Berry, Chocolate"
Sweetheart Single Origin Espresso Rotation,liked,Espresso Machine,"notes definitely come through. Usually I’m terrible at finding the flavor profile of my coffee but this one was obvious from the first sip. I usually go for a bolder or darker coffee since I like making lattes, but this one worked great as a latte or as a single espresso shot.",04/16/2025,"Berry, Chocolate"
Sweetheart Single Origin Espresso Rotation,liked,Espresso Machine,,04/01/2024,"Berry, Chocolate"
Sweetheart Single Origin Espresso Rotation,disliked,"Chemex, Aeropress, Clever Dripper",Kinda fell flat for me. Good not great light roast.,11/16/2022,"Berry, Chocolate"
Sweetheart Single Origin Espresso Rotation,liked,Pour Over,"this as straight coffee over espresso. I still have mixed feelings about bright zingy espressos, but I do enjoy the berry notes as simply coffee.",07/26/2022,"Berry, Chocolate"
Sweetheart Single Origin Espresso Rotation,liked,Espresso Machine,,07/06/2022,"Berry, Chocolate"
Sweetheart Single Origin Espresso Rotation,liked,Espresso Machine,Great single origin espresso! More traditional profile as 1:2 ratio but pulling lungo brings the berry notes.,06/09/2022,"Berry, Chocolate"
Sweetheart Single Origin Espresso Rotation,liked,Espresso Machine,,05/31/2022,"Berry, Chocolate"
Sweetheart Single Origin Espresso Rotation,liked,Drip,So so good!,03/16/2022,"Berry, Chocolate"
Fremont,disliked,Espresso Machine,"packaging, great aroma, just didn’t have strong enough flavor for me. I tried adjusting the espresso settings, just not flavorful enough.",10/07/2025,"Tea, Pear, Almond"
Fremont,liked,Pour Over,Delicious. Aromas really came through. Was a little sour when the coffee got cold but that was likely my fault.,09/12/2023,"Tea, Pear, Almond"
Fremont,disliked,Espresso Machine,Something with this coffee gave me a tummy ache lol,07/27/2023,"Tea, Pear, Almond"
Fremont,liked,Pour Over,,05/23/2023,"Tea, Pear, Almond"
Fremont,liked,Drip,,05/23/2023,"Tea, Pear, Almond"
Fremont,disliked,Pour Over,,04/08/2023,"Tea, Pear, Almond"
Fremont,liked,Drip,"their flagship dark roast. Smooth and clean. The other one that every one likes here, you should get a free t shirt if you can handle the bitterness. #freefremont 😆",01/23/2023,"Tea, Pear, Almond"
Fremont,liked,Moccamaster,,12/15/2022,"Tea, Pear, Almond"
Fremont,disliked,Drip,,10/24/2022,"Tea, Pear, Almond"
Fremont,liked,Pour Over,"bag after being blown away from the quality of the Diablo beans....this roaster is creating spectacular brews for me. For this bag, I found that 18:1 was perfect for me (usually 16.5:1 is my go to). Because of Larado's unmatched quality, I will be happily exploring more of their offerings.",08/06/2022,"Tea, Pear, Almond"
Fremont,liked,French Press,Just a simple but really nice and smooth cup of coffee. One of my favorite bags I've ever received,07/28/2022,"Tea, Pear, Almond"
Fremont,disliked,Pour Over,Too dark,06/06/2022,"Tea, Pear, Almond"
Fremont,disliked,Drip,tastes burnt,05/23/2022,"Tea, Pear, Almond"
Fremont,liked,Superautomatic Espresso Machine,"Very complex flavors, on the sweeter side than earthy, makes a truly amazing iced latte. Photos:",05/02/2022,"Tea, Pear, Almond"
Fremont,disliked,Drip,It messed up my husband stomach,03/13/2022,"Tea, Pear, Almond"
Skyline Espresso,liked,Espresso Machine,"Good flavor. Good amount of crema. Lots of caffeine, I’m shaking after one espresso",01/29/2026,"Cherry, Shortbread, Vanilla"
Skyline Espresso,liked,Espresso Machine,,04/29/2025,"Cherry, Shortbread, Vanilla"
Skyline Espresso,liked,Espresso Machine,,01/04/2025,"Cherry, Shortbread, Vanilla"
Skyline Espresso,liked,Espresso Machine,,07/14/2024,"Cherry, Shortbread, Vanilla"
Skyline Espresso,disliked,Espresso Machine,,06/15/2024,"Cherry, Shortbread, Vanilla"
Skyline Espresso,liked,Pour Over,Makes a good pour over too.,04/01/2024,"Cherry, Shortbread, Vanilla"
Skyline Espresso,liked,Espresso Machine,,11/03/2022,"Cherry, Shortbread, Vanilla"
Skyline Espresso,disliked,Espresso Machine,Great with milk,10/23/2022,"Cherry, Shortbread, Vanilla"
Skyline Espresso,liked,Espresso Machine,,09/04/2022,"Cherry, Shortbread, Vanilla"
Skyline Espresso,liked,Espresso Machine,,07/04/2022,"Cherry, Shortbread, Vanilla"
Skyline Espresso,liked,Espresso Machine,,05/07/2022,"Cherry, Shortbread, Vanilla"
Skyline Espresso,liked,Espresso Machine,,05/03/2022,"Cherry, Shortbread, Vanilla"
Skyline Espresso,liked,Espresso Machine,was great,04/25/2022,"Cherry, Shortbread, Vanilla"
Skyline Espresso,disliked,Espresso Machine,Decent,03/11/2022,"Cherry, Shortbread, Vanilla"
Skyline Espresso,liked,Espresso Machine,,03/08/2022,"Cherry, Shortbread, Vanilla"
Skyline Espresso,liked,Espresso Machine,Tasty!,03/06/2022,"Cherry, Shortbread, Vanilla"
Skyline Espresso,liked,Espresso Machine,Great flavor,03/05/2022,"Cherry, Shortbread, Vanilla"
Ethiopia - Ardi - Natural,disliked,Drip,"Harsh, bitter with an unpleasant funk. Not a great natural imo.",09/15/2025,"Cocoa, Grape, Apple, Dark Cherry"
Ethiopia - Ardi - Natural,disliked,Pour Over,has an unpleasant bitter finish. i did not get any of the flavor profiles they claimed. i wish i could get my money back.,08/26/2025,"Cocoa, Grape, Apple, Dark Cherry"
Ethiopia - Ardi - Natural,disliked,Pour Over,"know if we just got a bad batch or what, but it was just really harsh and basic tasting. It tasted more like the slightly higher end supermarket coffee you could get off the shelf, rather than high-end, freshly roasted coffee. I may try it again at some point just in case it was just a bad batch, but it really tasted like sort of coffee that used to be made well but then the roaster decided to switch to doing giant batches, ultimately creating an inferior product.",12/10/2024,"Cocoa, Grape, Apple, Dark Cherry"
Ethiopia - Ardi - Natural,liked,Pour Over,Big fan!,08/21/2024,"Cocoa, Grape, Apple, Dark Cherry"
Ethiopia - Ardi - Natural,liked,Pour Over,,07/07/2024,"Cocoa, Grape, Apple, Dark Cherry"
Ethiopia - Ardi - Natural,disliked,Drip,"(I feel bad giving it a dislike). Maybe it's just not a good batch, but it's so understated that I'm not really getting much out of it.",04/22/2024,"Cocoa, Grape, Apple, Dark Cherry"
Ethiopia - Ardi - Natural,liked,French Press,,06/29/2023,"Cocoa, Grape, Apple, Dark Cherry"
Ethiopia - Ardi - Natural,liked,Drip,,04/27/2023,"Cocoa, Grape, Apple, Dark Cherry"
Ethiopia - Ardi - Natural,liked,"Chemex, Aeropress, Clever Dripper","Mmmmm... bright. A bit inconsistent on how good each cup is, but that's probably a me problem.",11/16/2022,"Cocoa, Grape, Apple, Dark Cherry"
Ethiopia - Ardi - Natural,disliked,Superautomatic Espresso Machine,,10/24/2022,"Cocoa, Grape, Apple, Dark Cherry"
Ethiopia - Ardi - Natural,liked,Pour Over,This is a wonderful blend of smooth flavors with no acidity to speak of. This is why I love black coffee.,09/25/2022,"Cocoa, Grape, Apple, Dark Cherry"
Ethiopia - Ardi - Natural,liked,Aeropress,"Good coffee, however, not as much traditional Ethiopian notes as the Revel variety.",09/07/2022,"Cocoa, Grape, Apple, Dark Cherry"
Ethiopia - Ardi - Natural,liked,Aeropress,,07/17/2022,"Cocoa, Grape, Apple, Dark Cherry"
Ethiopia - Ardi - Natural,disliked,Drip,,07/14/2022,"Cocoa, Grape, Apple, Dark Cherry"
Ethiopia - Ardi - Natural,disliked,Pour Over,,07/13/2022,"Cocoa, Grape, Apple, Dark Cherry"
Ethiopia - Ardi - Natural,liked,Drip,"Really sweet smelling, great light roast",07/12/2022,"Cocoa, Grape, Apple, Dark Cherry"
Ethiopia - Ardi - Natural,liked,Drip,,07/10/2022,"Cocoa, Grape, Apple, Dark Cherry"
Ethiopia - Ardi - Natural,disliked,Drip,dislike the coffee it was just not super exciting. as a drip coffee it was a bit acidic but it was so balanced no flavors jumped out. as espresso it was a bit apple like and choclatey,07/06/2022,"Cocoa, Grape, Apple, Dark Cherry"
Ethiopia - Ardi - Natural,liked,Espresso Machine,Delicious!,06/22/2022,"Cocoa, Grape, Apple, Dark Cherry"
Ethiopia - Ardi - Natural,liked,Pour Over,"Fruity and chocolaty, with a full body and balanced acidity.",06/08/2022,"Cocoa, Grape, Apple, Dark Cherry"
Ethiopia - Ardi - Natural,liked,Drip,Very flavorful with a nice berry sweetness. Delicious.,05/28/2022,"Cocoa, Grape, Apple, Dark Cherry"
Ethiopia - Ardi - Natural,liked,Pour Over,Delicious,05/28/2022,"Cocoa, Grape, Apple, Dark Cherry"
Ethiopia - Ardi - Natural,disliked,Pour Over,Gave me heartburn.,05/24/2022,"Cocoa, Grape, Apple, Dark Cherry"
Ethiopia - Ardi - Natural,liked,Pour Over,"This is legit one of the best coffees I've ever had. Tastes like blueberries, it's incredible.",05/18/2022,"Cocoa, Grape, Apple, Dark Cherry"
Ethiopia - Ardi - Natural,disliked,Drip,Just want a fan of the flavor.,05/18/2022,"Cocoa, Grape, Apple, Dark Cherry"
Ethiopia - Ardi - Natural,liked,Superautomatic Espresso Machine,Flavor profile was delicious! Great for iced coffee.,05/16/2022,"Cocoa, Grape, Apple, Dark Cherry"
Ethiopia - Ardi - Natural,liked,Espresso Machine,Nutty and fruity! Loved this one. Brewed with Flair and pour over. Both tasted great!,05/15/2022,"Cocoa, Grape, Apple, Dark Cherry"
Ethiopia - Ardi - Natural,liked,Espresso Machine,Dose: 17g | Yield: 34g | 93C | Good as an americano | Longer extraction time of 40s or longer (finer grind),05/08/2022,"Cocoa, Grape, Apple, Dark Cherry"
Ethiopia - Ardi - Natural,disliked,Espresso Machine,"It was fine, just wasn’t as flavorful as I was hoping. 6/10",05/04/2022,"Cocoa, Grape, Apple, Dark Cherry"
Ethiopia - Ardi - Natural,disliked,Pour Over,Not super great,05/04/2022,"Cocoa, Grape, Apple, Dark Cherry"
Ethiopia - Ardi - Natural,disliked,Pour Over,Bland and no flavor. Really bad.,05/04/2022,"Cocoa, Grape, Apple, Dark Cherry"
Ethiopia - Ardi - Natural,liked,Pour Over,Great balanced flavor. Definitely got to finer with the grind.,04/20/2022,"Cocoa, Grape, Apple, Dark Cherry"
Ethiopia - Ardi - Natural,disliked,Aeropress,"I don't like the bright, floral flavors of Ethiopian beans add much as I once did.",04/16/2022,"Cocoa, Grape, Apple, Dark Cherry"
Ethiopia - Ardi - Natural,disliked,French Press,"Very mild, not as much flavor as I would like. Would not order again.",04/07/2022,"Cocoa, Grape, Apple, Dark Cherry"
Ethiopia - Ardi - Natural,liked,Pour Over,"overs using hario switch (sprometheus method), and is wonderful using Hoffman's standard aeropress recipe as well",03/16/2022,"Cocoa, Grape, Apple, Dark Cherry"
Ethiopia - Ardi - Natural,liked,Pour Over,"Nutty, sweet. Just delicious.",03/14/2022,"Cocoa, Grape, Apple, Dark Cherry"
Theo Blend,liked,Drip,haven't been disappointed yet by their coffee this made great espresso and drip,10/17/2022,"Dark Chocolate, Baking Spice, Dark Cherry"
Theo Blend,liked,French Press,"- 20g extra coarse grind, 205 degrees for 4 minutes Second cup - 18g extra coarse grind, 195 degrees for 4 minutes",08/28/2022,"Dark Chocolate, Baking Spice, Dark Cherry"
Theo Blend,disliked,Pour Over,Did not like the roast. Too dark.,06/13/2022,"Dark Chocolate, Baking Spice, Dark Cherry"
Theo Blend,disliked,Pour Over,Way too over roasted. Did not like.,06/05/2022,"Dark Chocolate, Baking Spice, Dark Cherry"
Theo Blend,liked,French Press,"Medium body, really round and mellow. Will order again",05/17/2022,"Dark Chocolate, Baking Spice, Dark Cherry"
Theo Blend,disliked,Drip,"This tastes watery compared to other coffees I have gotten. The brew method, grind, filter, etc. is all the same.",04/07/2022,"Dark Chocolate, Baking Spice, Dark Cherry"
Theo Blend,disliked,Drip,Too dark for my tastes,03/14/2022,"Dark Chocolate, Baking Spice, Dark Cherry"
Theo Blend,liked,Superautomatic Espresso Machine,"Distinct dark chocolate flavor, smells great. Strong, but not bitter, very smooth",03/07/2022,"Dark Chocolate, Baking Spice, Dark Cherry"
Old School - Seasonal Espresso,disliked,Espresso Machine,Terrible. It has a strange smell and taste. I cannot pull a good shot from it no matter what I try.,11/09/2025,"Almond, Dark Chocolate"
Old School - Seasonal Espresso,liked,Espresso Machine,,09/29/2025,"Almond, Dark Chocolate"
Old School - Seasonal Espresso,liked,Pour Over,"Delicious with some oat milk! Very robust, nutty flavor without being too dark.",03/14/2025,"Almond, Dark Chocolate"
Old School - Seasonal Espresso,liked,Pour Over,"Proper medium roast. Clean, nutty, caramel, chocolate",02/22/2025,"Almond, Dark Chocolate"
Old School - Seasonal Espresso,liked,Espresso Machine,,07/31/2024,"Almond, Dark Chocolate"
Old School - Seasonal Espresso,liked,Espresso Machine,Loved the flavor profile of this coffee,05/10/2022,"Almond, Dark Chocolate"
Old School - Seasonal Espresso,liked,Espresso Machine,,04/03/2022,"Almond, Dark Chocolate"
Old School - Seasonal Espresso,disliked,Espresso Machine,It does not taste good.,03/26/2022,"Almond, Dark Chocolate"
Old School - Seasonal Espresso,liked,Espresso Machine,So far my favorite for my espresso machine. Flavor is clean and not harsh.,06/19/2021,"Almond, Dark Chocolate"
Dark Side of the Moon,liked,Pour Over,Excellent! Bold and tasty. Highly recommend.,07/24/2023,"Dark Chocolate, Blueberry"
Dark Side of the Moon,liked,Aeropress,,06/29/2023,"Dark Chocolate, Blueberry"
Dark Side of the Moon,liked,Pour Over,,09/08/2022,"Dark Chocolate, Blueberry"
Dark Side of the Moon,disliked,Pour Over,one good cup of coffee out of this. It produced way too much fines. I guess that’s normal for Ethiopian coffee but I was not aware of that. I’m sure it’s still delicious if made right but I could not dial it in through the whole 12 ounce bag,07/25/2022,"Dark Chocolate, Blueberry"
Dark Side of the Moon,liked,Drip,,07/19/2022,"Dark Chocolate, Blueberry"
Dark Side of the Moon,liked,Pour Over,"my favorite coffee from Bottomless. I absolutely love the flavor profile and it has a nice dark roast robust flavor as well, which is what I like. I've done both French Press and Pour Over and it is great both ways.",06/03/2022,"Dark Chocolate, Blueberry"
Dark Side of the Moon,liked,French Press,"Amazing! Full bodied, smooth.",05/07/2022,"Dark Chocolate, Blueberry"
Dark Side of the Moon,liked,French Press,,05/04/2022,"Dark Chocolate, Blueberry"
Dark Side of the Moon,liked,Drip,Just ok,04/18/2022,"Dark Chocolate, Blueberry"
Dark Side of the Moon,liked,Percolator and french press,Very solid coffee,04/14/2022,"Dark Chocolate, Blueberry"
Dark Side of the Moon,liked,Espresso Machine,,04/11/2022,"Dark Chocolate, Blueberry"
Bistro Blend,liked,Drip,"a fan of medium or light roasts. However, this medium was well done and made for a tasty cuppa without all the typical floral and perfumy notes of light or mild roasts. In spite of the amount of sweetener in my wife’s cup, she still caught the coffee flavor. I use little sweetener, so all the typical coffee flavor came through.",06/18/2025,"Chocolate, Almond, Caramel"
Bistro Blend,liked,Pour Over,"Great medium roast, no off flavors",05/23/2022,"Chocolate, Almond, Caramel"
Bistro Blend,liked,Drip,Fantastic brew! One of the best I’ve had.,05/08/2022,"Chocolate, Almond, Caramel"
Bistro Blend,disliked,Drip,I didn’t love the taste.,03/13/2022,"Chocolate, Almond, Caramel"
Bistro Blend,liked,Espresso Machine,"a fan of medium or light roasts. However, this medium was well done and made for a tasty cuppa without all the typical floral and perfumy notes of light or mild roasts. In spite of the amount of sweetener in my wife’s cup, she still caught the coffee flavor. I use little sweetener, so all the typical coffee flavor came through.",03/08/2022,"Chocolate, Almond, Caramel"
Milk Money - Seasonal Espresso,disliked,Espresso Machine,These beans feel like they're missing the middle part of the flavor and feel. Not sure how else to describe it.,07/03/2025,Cacao
Milk Money - Seasonal Espresso,disliked,Espresso Machine,,05/28/2025,Cacao
Milk Money - Seasonal Espresso,liked,Espresso Machine,Great! Delicious and grinds perfectly.,05/18/2025,Cacao
Milk Money - Seasonal Espresso,liked,Aeropress,One of my favorite-ever coffees!,03/17/2025,Cacao
Milk Money - Seasonal Espresso,liked,Espresso Machine,"however leaves sour taste on tongue. Will finish the coffee, but not likely to order this seasonal Milk Money again:(",02/22/2025,Cacao
Milk Money - Seasonal Espresso,liked,Drip,,02/10/2025,Cacao
Milk Money - Seasonal Espresso,liked,Superautomatic Espresso Machine,I enjoyed this one quite a bit. Definitely will buy it again in my queue.,02/09/2025,Cacao
Milk Money - Seasonal Espresso,liked,Espresso Machine,,01/06/2025,Cacao
Milk Money - Seasonal Espresso,disliked,Espresso Machine,,03/15/2024,Cacao
Milk Money - Seasonal Espresso,liked,Aeropress,"Love this one! Smooth, rich, chocolatey flavor.",03/09/2024,Cacao
Milk Money - Seasonal Espresso,liked,Cold Brew,,10/23/2023,Cacao
Milk Money - Seasonal Espresso,disliked,Espresso Machine,"Performs ABSOLUTELY POORLY on espresso, do not use this for espresso. It doesn’t form a crema and it’s super thin.",08/17/2023,Cacao
Milk Money - Seasonal Espresso,disliked,Espresso Machine,smells absolutely delicious but it is just a little too light of a roast for espresso in my opinion. Would probably be really nice for pour over.,03/24/2023,Cacao
Milk Money - Seasonal Espresso,liked,Pour Over,"I love the deep, bold flavor! I will definitely be ordering again! I love this!",03/15/2023,Cacao
Milk Money - Seasonal Espresso,disliked,Espresso Machine,Lacks the complexity I prefer ... very much a single note flavor. And I'm using a conical burr hand grinder.,03/02/2023,Cacao
Milk Money - Seasonal Espresso,liked,Espresso Machine,,12/21/2022,Cacao
Milk Money - Seasonal Espresso,liked,Espresso Machine,"loved this blend. It is pleasant with milk and without milk. I loved the flavor of it, this would be a go to blend to go back to again.",12/19/2022,Cacao
Milk Money - Seasonal Espresso,liked,Superautomatic Espresso Machine,"what a great daily driver. Full bodied, well balanced, and chocolate for days on the finish. This one is definitely going to be a regular part of my rotation. Stamp Act really nailed this blend.",08/23/2022,Cacao
Milk Money - Seasonal Espresso,disliked,Espresso Machine,It was ok. I didn't get much crema out of it and it was a little bitter for my taste.,08/02/2022,Cacao
Milk Money - Seasonal Espresso,liked,Pour Over,,07/28/2022,Cacao
Milk Money - Seasonal Espresso,liked,Superautomatic Espresso Machine,,07/27/2022,Cacao
Milk Money - Seasonal Espresso,liked,Espresso Machine,,07/26/2022,Cacao
Milk Money - Seasonal Espresso,liked,Espresso Machine,,07/24/2022,Cacao
Milk Money - Seasonal Espresso,liked,Espresso Machine,,07/23/2022,Cacao
Milk Money - Seasonal Espresso,liked,Espresso Machine,"This espresso was exceptional. Smooth, delicious, nutty & creamy.",07/18/2022,Cacao
Milk Money - Seasonal Espresso,liked,Espresso Machine,,07/10/2022,Cacao
Milk Money - Seasonal Espresso,liked,Espresso Machine,,07/07/2022,Cacao
Milk Money - Seasonal Espresso,disliked,Superautomatic Espresso Machine,"date was 1 month old, not what I'm used to getting on bottomless. If you like strong cocao notes, this might become your favorite.",07/06/2022,Cacao
Milk Money - Seasonal Espresso,liked,Espresso Machine,coffee so far. The taste is just perfect for your everyday espresso. Im trying to give other coffees a chance but this one wins my heart every time,07/05/2022,Cacao
Milk Money - Seasonal Espresso,disliked,Aeropress,Tried aero press and French press: light coffee but very caffeinated,06/29/2022,Cacao
Milk Money - Seasonal Espresso,liked,Espresso Machine,The best coffee I've received yet out of like 20 orders,06/29/2022,Cacao
Milk Money - Seasonal Espresso,liked,Espresso Machine,"Great depth of flavor, makes for a really easy drinking espresso!",06/24/2022,Cacao
Milk Money - Seasonal Espresso,liked,Espresso Machine,"Very well balanced, perfect for iced and hot lattes or straight shots",06/19/2022,Cacao
Milk Money - Seasonal Espresso,liked,Espresso Machine,Really good! Came out smooth and chocolaty,06/19/2022,Cacao
Milk Money - Seasonal Espresso,liked,Espresso Machine,I like iy,06/15/2022,Cacao
Milk Money - Seasonal Espresso,disliked,Espresso Machine,,06/13/2022,Cacao
Milk Money - Seasonal Espresso,liked,Espresso Machine,"Rich and full bodied, Almost as a sweetness to it. Always great",05/09/2022,Cacao
Milk Money - Seasonal Espresso,liked,Espresso Machine,One of the best shots I have ever made on my Rocket Appartamento!!,05/05/2022,Cacao
Milk Money - Seasonal Espresso,disliked,Drip,too heavy....also didn't notice it was meant for espresso :(,04/20/2022,Cacao
Milk Money - Seasonal Espresso,liked,Espresso Machine,"did enjoy this coffee as it was very creamy and chocolate tasting, it is a light-medium roast which is too light a roast for me. My grinder isn’t suited to grind such a light roasted and dense bean so beware of that. If you have a good grinder that will grind dense light roast absolutely give this a try it is excellent.",04/17/2022,Cacao
Milk Money - Seasonal Espresso,liked,Espresso Machine,This is my favorite.,04/16/2022,Cacao
Milk Money - Seasonal Espresso,liked,Espresso Machine,,04/10/2022,Cacao
Milk Money - Seasonal Espresso,liked,Espresso Machine,"Velvety texture, good cocoa notes, goes very well with milk",04/09/2022,Cacao
Milk Money - Seasonal Espresso,liked,Espresso Machine,Just a wonderful blend. Good for an all day/time of day drink.,04/07/2022,Cacao
Milk Money - Seasonal Espresso,liked,Espresso Machine,Solid coffee with milk. Sweet taste when dialed correctly,03/21/2022,Cacao
Milk Money - Seasonal Espresso,liked,Espresso Machine,,03/18/2022,Cacao
Songbird Blend,liked,French Press,Very nice. Tasty,06/19/2025,"Vanilla, Dark Chocolate, Milk Chocolate"
Songbird Blend,liked,Drip,,09/03/2024,"Vanilla, Dark Chocolate, Milk Chocolate"
Songbird Blend,liked,French Press,"this coffee. It is the perfect blend between medium and dark roast. Makes a great cup every time. I drink one cup of coffee a day and it needs to be good or my day goes sideways, Songbird always delivers!",05/29/2024,"Vanilla, Dark Chocolate, Milk Chocolate"
Songbird Blend,liked,Pour Over,"maybe 50 options as just fine, we finally found the medium/dark roast that my coffee super taster husband said he ""likes very much"" and we've locked in as our default! Very smooth, we love that the beans are oily. Low acid taste in our Chemex. It's a light/dark mix but definitely on the darker side of medium.",12/07/2023,"Vanilla, Dark Chocolate, Milk Chocolate"
Songbird Blend,disliked,Espresso Machine,Very oily. Don’t like it,06/07/2023,"Vanilla, Dark Chocolate, Milk Chocolate"
Songbird Blend,liked,Drip,This made an excellent drip coffee and espresso both were bold but drinkable,09/28/2022,"Vanilla, Dark Chocolate, Milk Chocolate"
Songbird Blend,liked,Aeropress,enjoyable - 7/10,06/22/2022,"Vanilla, Dark Chocolate, Milk Chocolate"
Songbird Blend,disliked,Drip,acidity taste,05/11/2022,"Vanilla, Dark Chocolate, Milk Chocolate"
Songbird Blend,liked,Espresso Machine,very nice chocolate & milk taste.,04/11/2022,"Vanilla, Dark Chocolate, Milk Chocolate"
Songbird Blend,disliked,French Press,"opposite of what I like, it smells like dark roast, the light/dark label is confusing, I like light/medium roast! Photos:",03/21/2022,"Vanilla, Dark Chocolate, Milk Chocolate"
Cafe Carmelita,liked,Moccamaster,"outstanding. The description for this coffee matches up with my tasting notes. It’s very buttery from beginning to end, with low bitterness. It reminds me of a light roast but with a full body. It almost tastes like hot chocolate milk. If you’re looking for a smooth, pleasant coffee in the morning, you won’t regret trying this one.",10/08/2025,"Cocoa, Caramel, Butter"
Cafe Carmelita,disliked,Delonghi coffee grounder/ maker,Was average can buy this taste from grocery store boring … Four Barrell is my go to choice from now on,03/21/2025,"Cocoa, Caramel, Butter"
Cafe Carmelita,disliked,Cold Brew,Very very bland as cold brew,02/16/2025,"Cocoa, Caramel, Butter"
Cafe Carmelita,disliked,Pour Over,Very sweet cup. Would need to brew as espresso to gain the depth of the brew intended.,10/18/2023,"Cocoa, Caramel, Butter"
Cafe Carmelita,liked,Espresso Machine,,10/14/2023,"Cocoa, Caramel, Butter"
Cafe Carmelita,disliked,Espresso Machine,,05/30/2023,"Cocoa, Caramel, Butter"
Cafe Carmelita,disliked,Drip,"Brews a nice, strong cup! Not bitter, not too sweet.",02/13/2023,"Cocoa, Caramel, Butter"
Cafe Carmelita,liked,Drip,One of the best coffee beans I've ever had! Smooth and creamy! Definitely will be getting again!,01/23/2023,"Cocoa, Caramel, Butter"
Cafe Carmelita,liked,Drip,,11/01/2022,"Cocoa, Caramel, Butter"
Cafe Carmelita,liked,Pour Over,Good balanced coffee,09/18/2022,"Cocoa, Caramel, Butter"
Cafe Carmelita,disliked,Drip,very mild coffee,09/14/2022,"Cocoa, Caramel, Butter"
Cafe Carmelita,liked,Moka Pot,Best flavor I’ve tried so far Sutton notes of chocolate makes my flat white taste amazing,08/08/2022,"Cocoa, Caramel, Butter"
Cafe Carmelita,liked,Pour Over,Hot chocolate-esque. Delicious and smooth. Tony's continues to not disappoint.,08/03/2022,"Cocoa, Caramel, Butter"
Cafe Carmelita,liked,Aeropress,,07/26/2022,"Cocoa, Caramel, Butter"
Cafe Carmelita,liked,Espresso Machine,,07/24/2022,"Cocoa, Caramel, Butter"
Cafe Carmelita,disliked,Drip,,07/21/2022,"Cocoa, Caramel, Butter"
Cafe Carmelita,liked,percolator,"was great, but if you are looking for ""punch"" you aren't going to get it from this coffee. I loved it because it was mild but also flavorful.",07/21/2022,"Cocoa, Caramel, Butter"
Cafe Carmelita,liked,Drip,,07/16/2022,"Cocoa, Caramel, Butter"
Cafe Carmelita,disliked,Pour over and Espresso,Was overly bitter for me for both espressos and pour over. Probably could have tried different grind sizes for the pour over but didn't bother and just had it with milk instead of black.,07/16/2022,"Cocoa, Caramel, Butter"
Cafe Carmelita,liked,French Press,,07/12/2022,"Cocoa, Caramel, Butter"
Cafe Carmelita,liked,French Press,"Smooth, creamy and caramely, this is an easy our and an even easier sip.",07/11/2022,"Cocoa, Caramel, Butter"
Cafe Carmelita,disliked,Pour Over,,07/07/2022,"Cocoa, Caramel, Butter"
Cafe Carmelita,liked,Drip,I loved This coffee. Will definitely get it again. Smooth and rich and flavorful. Easy to drink.,06/27/2022,"Cocoa, Caramel, Butter"
Cafe Carmelita,liked,Pour Over,,06/23/2022,"Cocoa, Caramel, Butter"
Cafe Carmelita,liked,Drip,Soft and pleasant. Strong caramel notes,06/20/2022,"Cocoa, Caramel, Butter"
Cafe Carmelita,disliked,Drip,"Not for us, a tad bitter aftertaste. The search continues for our monthly bean.. :-(",06/19/2022,"Cocoa, Caramel, Butter"
Cafe Carmelita,liked,Drip,"best yet, smoooooth",06/14/2022,"Cocoa, Caramel, Butter"
Cafe Carmelita,disliked,Espresso Machine,,06/03/2022,"Cocoa, Caramel, Butter"
Cafe Carmelita,liked,Drip,SO good! Very smooth.,05/28/2022,"Cocoa, Caramel, Butter"
Cafe Carmelita,liked,Espresso Machine,Delicious,05/27/2022,"Cocoa, Caramel, Butter"
Cafe Carmelita,liked,Drip,,05/12/2022,"Cocoa, Caramel, Butter"
Cafe Carmelita,disliked,Pour Over,Not a bad set of beans but they are definitely oilier than others. Not really worth the price.,05/04/2022,"Cocoa, Caramel, Butter"
Cafe Carmelita,liked,Drip,"when I want a little bit more of that intense flavor instead of just the lighter notes on light roasts. I personally wouldn’t order this one again, only because I prefer a local roaster over this if I want that stronger note. That being said this is a very nice blend. All the beans I get from this roaster are always nice and fresh. Sometimes still very oily beans and those pots are very nice in flavor. And the inside of the bags are my absolute favorite thing to stare at while my beans grind.",05/01/2022,"Cocoa, Caramel, Butter"
Cafe Carmelita,liked,French Press,I could smell the coffee through the box it came in. It made my wife sad she’d given up caffeine. Delicious!,04/15/2022,"Cocoa, Caramel, Butter"
Cafe Carmelita,disliked,Espresso Machine,I did not like this at all. There was a weird taste to it that I can’t explain.,04/15/2022,"Cocoa, Caramel, Butter"
Cafe Carmelita,disliked,Drip,Very basic. Even for the price not worth it.,04/11/2022,"Cocoa, Caramel, Butter"
Cafe Carmelita,liked,Pour Over,Really dig it,04/07/2022,"Cocoa, Caramel, Butter"
Cafe Carmelita,disliked,Drip,,04/04/2022,"Cocoa, Caramel, Butter"
Cafe Carmelita,disliked,Espresso Machine,Much closer to dark roast then to medium,03/31/2022,"Cocoa, Caramel, Butter"
Cafe Carmelita,liked,French Press,This one was just okay for me.,03/25/2022,"Cocoa, Caramel, Butter"
Cafe Carmelita,liked,Drip,"roast. Clean profile with a bit of sweetness. Great every day brew, especially for the price. Would recommend if you're looking for a good drip daily driver.",03/24/2022,"Cocoa, Caramel, Butter"
Cafe Carmelita,liked,Espresso Machine,is great I have had several bags of it and highly recommend it. It has a medium bold taste and brewed using whole beans ground for my espresso machine.,03/22/2022,"Cocoa, Caramel, Butter"
Cafe Carmelita,liked,Pour Over,This is also another really tasty roast. Perfect for a cup of black coffee or my usual with half and half!!,03/06/2022,"Cocoa, Caramel, Butter"
Cafe Carmelita,liked,French Press,"This is my go-to coffee, and I can't get enough of it. Smooth with the perfect hint of chocolate.",03/06/2022,"Cocoa, Caramel, Butter"
Queen Anne,liked,Pour Over,I liked this bag of coffee,01/09/2023,"Clementine, Fig, Hazelnut"
Queen Anne,liked,Drip,Good and drinkable nothing crazy,12/22/2022,"Clementine, Fig, Hazelnut"
Queen Anne,disliked,Drip,,07/21/2022,"Clementine, Fig, Hazelnut"
Queen Anne,disliked,Espresso Machine,,07/21/2022,"Clementine, Fig, Hazelnut"
Queen Anne,liked,Drip,,07/13/2022,"Clementine, Fig, Hazelnut"
Queen Anne,disliked,Pour Over,this was a dark roast that had been sent by mistake. I usually take coffee black but needed a little cream to cut the taste. Not our favorite.,06/30/2022,"Clementine, Fig, Hazelnut"
Queen Anne,disliked,Drip,Reminded me of a dark roast for some reason. Not a “bad” coffee. Just not for me.,06/01/2022,"Clementine, Fig, Hazelnut"
Queen Anne,disliked,Pour Over,Not my favorite,05/25/2022,"Clementine, Fig, Hazelnut"
Queen Anne,liked,Drip,Very good!,03/24/2022,"Clementine, Fig, Hazelnut"
Queen Anne,disliked,Drip,Flowery,03/23/2022,"Clementine, Fig, Hazelnut"
Queen Anne,disliked,Aeropress,Weird after taste,03/20/2022,"Clementine, Fig, Hazelnut"
Queen Anne,liked,Aeropress,Love it,03/14/2022,"Clementine, Fig, Hazelnut"
Espresso Huli,disliked,Espresso Machine,Definitely not a dark roast. I can't get a good espresso shot out of this.,04/07/2023,"Dark Chocolate, Butter, Cedar"
Espresso Huli,disliked,Espresso Machine,Way too light for espresso,03/29/2023,"Dark Chocolate, Butter, Cedar"
Espresso Huli,liked,Mokapot,it is a bit on the lighter side for espresso but it's delicious and my favorite. mokapot helps with intensity.,12/29/2022,"Dark Chocolate, Butter, Cedar"
Espresso Huli,disliked,Drip,Wasn’t strong enough for us,11/17/2022,"Dark Chocolate, Butter, Cedar"
Espresso Huli,disliked,Espresso Machine,,11/06/2022,"Dark Chocolate, Butter, Cedar"
Espresso Huli,disliked,Espresso Machine,,09/26/2022,"Dark Chocolate, Butter, Cedar"
Espresso Huli,liked,Pour Over,,09/08/2022,"Dark Chocolate, Butter, Cedar"
Espresso Huli,disliked,Espresso Machine,Was never able to get a good crema layer. Didn’t like the flavor.,07/14/2022,"Dark Chocolate, Butter, Cedar"
Espresso Huli,disliked,Espresso Machine,It was not as strong as we like with little flavor,06/27/2022,"Dark Chocolate, Butter, Cedar"
Espresso Huli,disliked,Espresso Machine,,06/14/2022,"Dark Chocolate, Butter, Cedar"
Espresso Huli,disliked,Pour Over,This was wayyyyyyyyy nasty,05/22/2022,"Dark Chocolate, Butter, Cedar"
Espresso Huli,liked,Espresso Machine,"an awesome roast! Sweet but not too sweet, buttery, and a little woody make for an excellent flavor profile that evolves on your palette without being overwhelming. Has a smooth texture that is thick in a comforting way. Great for relaxing at home on a day off! I paired this with one of my favorite cigars and it was awesome! Haven't tried brewing it in another way but it is already almost perfect prepared lungo",05/17/2022,"Dark Chocolate, Butter, Cedar"
Espresso Huli,liked,Espresso Machine,Loved it,05/16/2022,"Dark Chocolate, Butter, Cedar"
Guatemala Trapichitos,disliked,Pour Over,“Fresh” beans smelled bitter and stale… and the coffee brewed bitter and stale.,01/16/2025,"Cedar, Apple, Hazelnut"
Guatemala Trapichitos,disliked,Moccamaster,,12/02/2024,"Cedar, Apple, Hazelnut"
Guatemala Trapichitos,liked,Drip,a good drinkable cup,01/15/2023,"Cedar, Apple, Hazelnut"
Guatemala Trapichitos,disliked,Pour Over,"wasn't bad or anything, I just didn't care for the flavor personally.",01/09/2023,"Cedar, Apple, Hazelnut"
Guatemala Trapichitos,liked,Moka pot,"Good regular cup of coffee flavor, just right with milk.",09/04/2022,"Cedar, Apple, Hazelnut"
Guatemala Trapichitos,liked,Pour Over,,07/13/2022,"Cedar, Apple, Hazelnut"
Guatemala Trapichitos,liked,Pour Over,Delicious and light,06/29/2022,"Cedar, Apple, Hazelnut"
Guatemala Trapichitos,liked,Pour Over,Excellent smell and taste,06/26/2022,"Cedar, Apple, Hazelnut"
Guatemala Trapichitos,liked,Espresso Machine,light roast that works well for espresso or pour over. Has slight spice flavor notes. Goes really well with milk as a latte or cappuccino.,05/31/2022,"Cedar, Apple, Hazelnut"
Guatemala Trapichitos,disliked,Pour Over,"The Coffee wasn't bad exactly,but the notes were pretty muddled.",04/09/2022,"Cedar, Apple, Hazelnut"
Moonrise Blend,liked,Cold Brew,,08/10/2024,"Apple, Honey, Raspberry"
Moonrise Blend,liked,Pour Over,Great flavor profile,06/20/2022,"Apple, Honey, Raspberry"
Moonrise Blend,liked,Drip,,03/22/2022,"Apple, Honey, Raspberry"
Moonrise Blend,disliked,Espresso Machine,Wayyyy too fruity.,07/21/2021,"Apple, Honey, Raspberry"
First Light Breakfast Blend,disliked,Drip,,05/25/2025,"Milk Chocolate, Sugar"
First Light Breakfast Blend,disliked,Pour Over,Too light for my taste,04/28/2024,"Milk Chocolate, Sugar"
First Light Breakfast Blend,liked,Moccamaster,Very good. Another great roast from Blossum Coffee Roaster.,12/20/2023,"Milk Chocolate, Sugar"
First Light Breakfast Blend,disliked,French Press,Just was not Strong enough of a flavor profile for me,07/06/2022,"Milk Chocolate, Sugar"
First Light Breakfast Blend,liked,Drip,Good morning coffee that pairs well with dairy,07/05/2022,"Milk Chocolate, Sugar"
Queen City,liked,Drip,this was a good coffee not too dark not too light,11/04/2022,"Cinnamon, Molasses, Walnut"
Queen City,liked,Aeropress,,07/14/2022,"Cinnamon, Molasses, Walnut"
Queen City,disliked,Drip,Didn't like the taste.,07/05/2022,"Cinnamon, Molasses, Walnut"
Queen City,disliked,Drip,Was a little weak in flavor,06/17/2022,"Cinnamon, Molasses, Walnut"
Queen City,liked,French Press,Liked this one,06/05/2022,"Cinnamon, Molasses, Walnut"
Queen City,liked,Pour Over,Rich but not bitter. Enjoy black or with milk.,05/29/2022,"Cinnamon, Molasses, Walnut"
Queen City,disliked,Drip,Strange smell,05/28/2022,"Cinnamon, Molasses, Walnut"
Queen City,liked,Drip,bold flavor,05/23/2022,"Cinnamon, Molasses, Walnut"
Queen City,disliked,Espresso Machine,"Bitter roast, overpowered any subtle flavors",04/19/2022,"Cinnamon, Molasses, Walnut"
Queen City,liked,Keurig,Amazing flavor! I’ve known Cafe Vita for years before I moved out to the Midwest. Love their roast!,04/14/2022,"Cinnamon, Molasses, Walnut"
Queen City,liked,Pour Over,Good. Would order again,03/06/2022,"Cinnamon, Molasses, Walnut"
Big Joy,liked,Espresso Machine,Great texture and chocolatey flavor. Excellent espresso,02/01/2026,"Dark Chocolate, Baking Spice, Cherry"
Big Joy,liked,Aeropress,,11/27/2025,"Dark Chocolate, Baking Spice, Cherry"
Big Joy,liked,Espresso Machine,,09/23/2025,"Dark Chocolate, Baking Spice, Cherry"
Big Joy,liked,Moka pot,,03/07/2024,"Dark Chocolate, Baking Spice, Cherry"
Big Joy,liked,Espresso Machine,The best for milk based espresso drinks,01/09/2024,"Dark Chocolate, Baking Spice, Cherry"
Big Joy,liked,French Press,enjoy this one. I got it to have a different flavor from my regular and it's not too bitter and has very smooth tasting notes.,10/22/2023,"Dark Chocolate, Baking Spice, Cherry"
Big Joy,disliked,Espresso Machine,Didn’t like the taste of this coffee.,09/25/2023,"Dark Chocolate, Baking Spice, Cherry"
Big Joy,liked,Pour Over,"Stellar pour over, as good as it is as an espresso!",03/21/2023,"Dark Chocolate, Baking Spice, Cherry"
Big Joy,disliked,Pour Over,"know if I just don’t like coffee from Guatemala, but this one is not good for me. I found the flavor strange and dark. No fruit. Not enjoyable at all. I tried my usual 35:1 ratio and it was under extracted, so I went to 18:1 and it had better extraction and was slightly more drinkable but not one I look forward to. I need to stick with African light to medium roasts that have more fruitiness.",11/06/2022,"Dark Chocolate, Baking Spice, Cherry"
Big Joy,liked,Pour Over,"A delicious, smooth cup",09/02/2022,"Dark Chocolate, Baking Spice, Cherry"
Big Joy,liked,Espresso Machine,"Really deep satisfying flavor, and as advertised excellent with milk. Also exceptional as drip coffee.",08/09/2022,"Dark Chocolate, Baking Spice, Cherry"
Big Joy,liked,Espresso Machine,"Rich fruity taste! Makes amazing lattes, one of my favorites from bottomless so far!",07/27/2022,"Dark Chocolate, Baking Spice, Cherry"
Big Joy,disliked,Espresso Machine,,07/18/2022,"Dark Chocolate, Baking Spice, Cherry"
Big Joy,liked,Pour Over,Excellent,07/04/2022,"Dark Chocolate, Baking Spice, Cherry"
Big Joy,liked,Espresso Machine,beaut! A new favorite. Photos:,06/23/2022,"Dark Chocolate, Baking Spice, Cherry"
Big Joy,disliked,Espresso Machine,Was just okay,06/11/2022,"Dark Chocolate, Baking Spice, Cherry"
Big Joy,liked,Espresso Machine,Great!,05/29/2022,"Dark Chocolate, Baking Spice, Cherry"
Big Joy,disliked,Espresso Machine,"favorite, I made an iced latte with it. It tastes acidic (could be the way I pulled it?) Christian really likes it",05/25/2022,"Dark Chocolate, Baking Spice, Cherry"
Big Joy,liked,Espresso Machine,light but fruity,05/21/2022,"Dark Chocolate, Baking Spice, Cherry"
Big Joy,liked,Espresso Machine,,05/19/2022,"Dark Chocolate, Baking Spice, Cherry"
Big Joy,liked,Aeropress,"and paired well with milk when I wanted that too. They're right: it shines in ""espresso"" and in drip.",05/17/2022,"Dark Chocolate, Baking Spice, Cherry"
Big Joy,liked,Espresso Machine,rich and full of flavor,05/16/2022,"Dark Chocolate, Baking Spice, Cherry"
Big Joy,liked,Pour Over,Wonderful flavor and amazing aroma,05/10/2022,"Dark Chocolate, Baking Spice, Cherry"
Big Joy,liked,Pour Over,Delicious with milk just like it says on the package.,05/10/2022,"Dark Chocolate, Baking Spice, Cherry"
Big Joy,liked,Espresso Machine,Drinkable but nothing very specific jumped out at me regarding taste,05/08/2022,"Dark Chocolate, Baking Spice, Cherry"
Big Joy,liked,Espresso Machine,- joy to dial in and complexity of the flavors was always rewarding! Photos:,05/05/2022,"Dark Chocolate, Baking Spice, Cherry"
Big Joy,liked,Espresso Machine,"had before, tasty",05/04/2022,"Dark Chocolate, Baking Spice, Cherry"
Big Joy,liked,Espresso Machine,,05/03/2022,"Dark Chocolate, Baking Spice, Cherry"
Big Joy,liked,Espresso Machine,"Very unique notes, great with a touch of maple syrup",05/02/2022,"Dark Chocolate, Baking Spice, Cherry"
Big Joy,disliked,Drip,bad thing but I expected this to taste a bit stronger. This is on the mild side but is classified in the medium category.,04/28/2022,"Dark Chocolate, Baking Spice, Cherry"
Big Joy,liked,Pour Over,"for pour over, barratza encore was set to 20ish, 37g coffee, 525g water.",04/27/2022,"Dark Chocolate, Baking Spice, Cherry"
Big Joy,disliked,Espresso Machine,"they had a third option which is OK but not for me. This coffee was fine. It’s a little bitter, Sun might like that the more we drank it the more we got used to it but we never really fell in love with it I’d give it a 2.5 out of 5",04/26/2022,"Dark Chocolate, Baking Spice, Cherry"
Big Joy,liked,Espresso Machine,,04/17/2022,"Dark Chocolate, Baking Spice, Cherry"
Big Joy,disliked,Pour Over,profile. Properly timed and weighted pour over method. Not a fan. Probably better with a different brewing method.,04/12/2022,"Dark Chocolate, Baking Spice, Cherry"
Big Joy,liked,French Press,,04/02/2022,"Dark Chocolate, Baking Spice, Cherry"
Big Joy,disliked,Espresso Machine,very flat,03/23/2022,"Dark Chocolate, Baking Spice, Cherry"
Big Joy,liked,Espresso Machine,We’ll balanced and flavourful as an espresso,03/13/2022,"Dark Chocolate, Baking Spice, Cherry"
Big Joy,liked,Espresso Machine,"Perfect for a latte, deep and chocolatey",03/06/2022,"Dark Chocolate, Baking Spice, Cherry"
Big Joy,disliked,Espresso Machine,The flavor profile was not for me.,03/02/2022,"Dark Chocolate, Baking Spice, Cherry"
Nectar,liked,Cold Brew,"this for cold brew and it was soooo delicious. Flavorful but smooth, kinda tangy(?), so good. Reminds me of the cold brew at Think Coffee in NYC. Brewed about 9 hours.",03/13/2024,"Stone Fruit, Honey, Berry"
Nectar,liked,Espresso Machine,,02/25/2024,"Stone Fruit, Honey, Berry"
Nectar,liked,Drip,"Awesome fruity flavor, and I can see I’m going to run out of this fast.",11/01/2023,"Stone Fruit, Honey, Berry"
Nectar,liked,Espresso Machine,,07/08/2022,"Stone Fruit, Honey, Berry"
Nectar,liked,Moccamaster,Very good,04/10/2022,"Stone Fruit, Honey, Berry"
Nectar,disliked,Espresso Machine,"but the roast on a the beans was like a monochromatic rainbow. It was like I was asked if I want a dark or light roast and I just answered ""yes"".",03/31/2022,"Stone Fruit, Honey, Berry"
Nectar,liked,Espresso Machine,so good! The berry notes are more blueberry (to me) and it was a reminder why Ethiopia is my favorite region,03/25/2022,"Stone Fruit, Honey, Berry"
Organic French,liked,Drip,,07/09/2022,"Cocoa, Maple Syrup, Nutmeg"
Organic French,liked,Espresso Machine,As good as all the other Café Vita I’ve tried.,07/05/2022,"Cocoa, Maple Syrup, Nutmeg"
Regina - A Custom Blend,liked,Moccamaster,Pretty meh…,09/26/2024,"Cacao, Berry, Spice"
Regina - A Custom Blend,liked,Drip,with many interesting notes. Has some interesting caramel and winter spice notes. Re-ordering.,01/10/2023,"Cacao, Berry, Spice"
Regina - A Custom Blend,liked,Aeropress,,12/20/2022,"Cacao, Berry, Spice"
Regina - A Custom Blend,liked,French Press,,07/28/2022,"Cacao, Berry, Spice"
Diablo,disliked,Pour Over,,12/09/2025,"Brown Sugar, Chocolate, Walnut"
Diablo,liked,Drip,Aiden (profile link below). I like it. It has an earthy taste and a full body. https://brew.link/p/VqTm,02/17/2025,"Brown Sugar, Chocolate, Walnut"
Diablo,disliked,Espresso Machine,,12/02/2024,"Brown Sugar, Chocolate, Walnut"
Diablo,liked,Pour Over,Loved this purchase.,01/26/2024,"Brown Sugar, Chocolate, Walnut"
Diablo,liked,VacOne™ Air Brewer,,04/26/2023,"Brown Sugar, Chocolate, Walnut"
Diablo,disliked,Espresso Machine,"Not good for espresso, very flat and underflavored",03/05/2023,"Brown Sugar, Chocolate, Walnut"
Diablo,liked,Espresso Machine,my favorite coffee I’ve used with my espresso machine so far! Perfect for lattes and even makes a delicious espresso. You can really taste the brown sugar and chocolate notes Photos:,12/12/2022,"Brown Sugar, Chocolate, Walnut"
Diablo,liked,"stainless steel mesh/no paper filter; 16 oz single cup, slow pour. Music: Wagner's Ride of the Valkyries","filter; 16 oz single cup, slow pour. Music: Wagner's Ride of the Valkyries I drank 1-3 cups of this coffee every morning, and the occasional evening, for about 4 years while living in the seattle area where Ladro is located. All of their coffee is premium, and there is a lot of good coffee produced in the area. I moved back to california in 2019 and brought about ten pounds back with me because I could not find a way to order it at the time, it is possible I just didn't know where to look. Anyway, This coffee is some of the best shit you can acquire without breaking customs laws and ending up a side character in a vin diesel movie. Highly recommend you try it if you haven't before and are not turned off by dark roasts.",11/27/2022,"Brown Sugar, Chocolate, Walnut"
Diablo,disliked,Espresso Machine,It was just OK. Not super impressed with this one.,11/09/2022,"Brown Sugar, Chocolate, Walnut"
Diablo,liked,Pour Over,Excellent balance of flvors,10/01/2022,"Brown Sugar, Chocolate, Walnut"
Diablo,liked,Espresso Machine,One of the best,09/23/2022,"Brown Sugar, Chocolate, Walnut"
Diablo,liked,Espresso Machine,Delicious,09/17/2022,"Brown Sugar, Chocolate, Walnut"
Diablo,liked,Pour Over,is doing it all right. The quality of these beans was unmatched. Impressed enough to select my next bag from this roaster.,08/06/2022,"Brown Sugar, Chocolate, Walnut"
Diablo,disliked,Pour Over,,07/20/2022,"Brown Sugar, Chocolate, Walnut"
Diablo,liked,Aeropress,,07/14/2022,"Brown Sugar, Chocolate, Walnut"
Diablo,liked,Drip,,07/14/2022,"Brown Sugar, Chocolate, Walnut"
Diablo,disliked,Pour Over,,07/12/2022,"Brown Sugar, Chocolate, Walnut"
Diablo,disliked,Pour Over,Too dark lacking natural washed coffee taste,07/05/2022,"Brown Sugar, Chocolate, Walnut"
Diablo,disliked,Moccamaster,Bitter aftertaste,06/29/2022,"Brown Sugar, Chocolate, Walnut"
Diablo,liked,Drip,Solid dark coffee with caramel note,06/26/2022,"Brown Sugar, Chocolate, Walnut"
Diablo,liked,Drip,coffee without the bitterness of most dark roasts. Almost has a medium to light roast flavor even when brewing strong. Definitely keeping on my rotating list!,06/19/2022,"Brown Sugar, Chocolate, Walnut"
Diablo,liked,French Press,"Wonderfull coffee , very good, almost perfect",06/14/2022,"Brown Sugar, Chocolate, Walnut"
Diablo,liked,Drip,Great flavor,06/10/2022,"Brown Sugar, Chocolate, Walnut"
Diablo,disliked,Pour Over,did not stay fresh for long and is very under extracted for pour over. It could just be me but I’ve tried every method,06/07/2022,"Brown Sugar, Chocolate, Walnut"
Diablo,disliked,Aeropress,Tasted a bit burnt,06/04/2022,"Brown Sugar, Chocolate, Walnut"
Diablo,liked,Pour Over,Not bad,06/01/2022,"Brown Sugar, Chocolate, Walnut"
Diablo,liked,Drip,the chocolate and walnut this was darker in flavor but not burnt tasting and it wasn't very heavy. it was good,05/31/2022,"Brown Sugar, Chocolate, Walnut"
Diablo,liked,Drip,"Great flavor, strong but not bitter.",05/24/2022,"Brown Sugar, Chocolate, Walnut"
Diablo,liked,Clod brew,Hearty and savory not bad but not my favorite either,05/22/2022,"Brown Sugar, Chocolate, Walnut"
Diablo,disliked,French Press,"the fence on this one. Drip coffee tasted like burnt toast, but French press smoothed it out. Meh 🫤 as the kids say.",05/22/2022,"Brown Sugar, Chocolate, Walnut"
Diablo,liked,French Press,Good flavor. Glad to try new roaster and join this club.,05/10/2022,"Brown Sugar, Chocolate, Walnut"
Diablo,liked,Aeropress,"Very smooth, low acidity. Dark chocolate overtones with a slight sweetness. Would order again.",05/08/2022,"Brown Sugar, Chocolate, Walnut"
Diablo,disliked,Percolator,Kind of a bland coffee,05/07/2022,"Brown Sugar, Chocolate, Walnut"
Diablo,liked,Espresso Machine,,05/03/2022,"Brown Sugar, Chocolate, Walnut"
Diablo,disliked,Espresso Machine,Flavor just wasn’t quite right for me.,05/01/2022,"Brown Sugar, Chocolate, Walnut"
Diablo,liked,Espresso Machine,"the best crema's of any bean I've used in 2022. Good slightly sweat, almost nutty flavor. Requires a smaller grind ; but seems to extract consistency. Solid espresso bean. Photos:",04/30/2022,"Brown Sugar, Chocolate, Walnut"
Diablo,liked,Drip,We loved this coffee. Said stick to drip and we did.,04/16/2022,"Brown Sugar, Chocolate, Walnut"
Diablo,liked,Pour Over,So dang tasty!,04/11/2022,"Brown Sugar, Chocolate, Walnut"
Diablo,liked,Drip,,04/11/2022,"Brown Sugar, Chocolate, Walnut"
Diablo,liked,French Press,Really bold blend. It’s great to make a Mexican mocha with.,04/10/2022,"Brown Sugar, Chocolate, Walnut"
Diablo,liked,French Press,,04/10/2022,"Brown Sugar, Chocolate, Walnut"
Diablo,liked,Espresso Machine,Solid dark roast,04/06/2022,"Brown Sugar, Chocolate, Walnut"
Diablo,disliked,Espresso Machine,Maybe this is not for espresso,03/30/2022,"Brown Sugar, Chocolate, Walnut"
Diablo,liked,Drip,This was a decent coffee been.,03/21/2022,"Brown Sugar, Chocolate, Walnut"
Diablo,liked,Drip,Reall smooth,03/21/2022,"Brown Sugar, Chocolate, Walnut"
Diablo,disliked,Espresso Machine,"A bold, bitter coffee with little flavour",03/19/2022,"Brown Sugar, Chocolate, Walnut"
Diablo,liked,French Press,Smooth and flavorful.,03/15/2022,"Brown Sugar, Chocolate, Walnut"
Diablo,disliked,Drip,I usually like dark roast but this seemed flavorless to me..not very complex,03/12/2022,"Brown Sugar, Chocolate, Walnut"
Diablo,liked,Drip,of flavor. Just the right amount of bitter balance(very little). Great tasting coffee. I'll likely cycle through it again 👍,03/07/2022,"Brown Sugar, Chocolate, Walnut"
Diablo,liked,Espresso Machine,my first Botttomless bag. Flavor was among the best of the coffees I’ve had in years. Was able to keep same grind setting for the week that the bag lasted.,03/02/2022,"Brown Sugar, Chocolate, Walnut"
Diablo,liked,Pour Over,,03/02/2022,"Brown Sugar, Chocolate, Walnut"
Diablo,liked,Drip,Probly my favorite so far! The flavor is great!,07/19/2021,"Brown Sugar, Chocolate, Walnut"
Caffe Del Sol,liked,Espresso Machine,,04/13/2025,"Milk Chocolate, Caramel, Dark Cherry"
Caffe Del Sol,liked,Espresso Machine,Liked it.,05/31/2022,"Milk Chocolate, Caramel, Dark Cherry"
Caffe Del Sol,disliked,Superautomatic Espresso Machine,"Clearly a Seattle born roast. If you like that, this is for you.",05/14/2022,"Milk Chocolate, Caramel, Dark Cherry"
Caffe Del Sol,liked,Espresso Machine,"Solid flavor, straightforward",05/02/2022,"Milk Chocolate, Caramel, Dark Cherry"
Caffe Del Sol,liked,Espresso Machine,,03/19/2022,"Milk Chocolate, Caramel, Dark Cherry"
Morning Sun,liked,Espresso Machine,"Good smell, good flavor",11/01/2024,"Vanilla, Dark Chocolate, Hazelnut"
Morning Sun,disliked,Drip,Morning Sun is a medium-dark roast but it tasted burned to me and my nephew. Did not like it.,10/15/2024,"Vanilla, Dark Chocolate, Hazelnut"
Morning Sun,liked,French Press,Truly a lovely morning coffee. Delightfully drinkable and smooth.,07/09/2024,"Vanilla, Dark Chocolate, Hazelnut"
Morning Sun,disliked,Pour Over,"I just don't like the darker roasts anymore. Every time I brewed this coffee, I'd get a hint of the nice fruity flavors in there... then it was immediately buried by roasty, burned flavors. Quality bean, quality roaster, just not my cup.",01/27/2023,"Vanilla, Dark Chocolate, Hazelnut"
Morning Sun,liked,Pour Over,Delicious!,10/15/2022,"Vanilla, Dark Chocolate, Hazelnut"
Morning Sun,liked,Espresso Machine,Favorite coffee out there!,09/17/2022,"Vanilla, Dark Chocolate, Hazelnut"
Morning Sun,liked,French Press,"Perfect, full-bodied flavor with a subtle lightness. Great morning coffee.",04/04/2022,"Vanilla, Dark Chocolate, Hazelnut"
Morning Sun,disliked,French Press,Sweeter than I prefer,03/07/2022,"Vanilla, Dark Chocolate, Hazelnut"
Caffe Luna,liked,French Press,"amazing! Nice flavor and incredible aroma. Dark, rich, and smooth without any trace of bitterness. LOVED IT!",02/14/2025,"Dark Chocolate, S'more, Almond"
Caffe Luna,liked,Pour Over,"Smooth and rich. If you are looking non acidic dark smooth coffee, this is a must try.",10/18/2023,"Dark Chocolate, S'more, Almond"
Caffe Luna,liked,Aeropress,,07/27/2022,"Dark Chocolate, S'more, Almond"
Caffe Luna,disliked,French Press,bad about this coffee but nothing special. If I could give a neutral I would. I would drink it again if served but given the other coffees I have tried that were better marking this as a dislike.,07/12/2022,"Dark Chocolate, S'more, Almond"
Caffe Luna,disliked,Pour Over,this over a week late so it wasn’t as super fresh as it could be. Also living in Arizona I’d imagine the heat during being shipped could effect it. Unfortunately I wasn’t able to taste any of the delicious notes it has.,07/04/2022,"Dark Chocolate, S'more, Almond"
Caffe Luna,liked,Drip,Delizioso,06/29/2022,"Dark Chocolate, S'more, Almond"
Caffe Luna,liked,Aeropress,,06/27/2022,"Dark Chocolate, S'more, Almond"
Caffe Luna,liked,Drip,Love it!,06/19/2022,"Dark Chocolate, S'more, Almond"
Caffe Luna,liked,Pour Over,,06/17/2022,"Dark Chocolate, S'more, Almond"
Caffe Luna,liked,Drip,Really good...flavorvul,05/16/2022,"Dark Chocolate, S'more, Almond"
Caffe Luna,liked,Espresso Machine,,05/11/2022,"Dark Chocolate, S'more, Almond"
Caffe Luna,liked,Drip,"Sharp, but not bitter. Like drinking a well balanced campfire s’mores notes come through.",04/14/2022,"Dark Chocolate, S'more, Almond"
Caffe Luna,liked,French Press,like dark try the Caffe Luna!! Fresh hand grind then French Press gave us a real pleasure every morning. Will definitely buy this again,04/05/2022,"Dark Chocolate, S'more, Almond"
Sugar Bee Espresso,disliked,Espresso Machine,"a medium dark roast, unlike advertised. I wanted to like this, but after experimenting with several grind settings, I still found this a tad bit bitter. If the roast was just a bit lighter, this would’ve been great.",03/30/2023,"Sweet, Syrup, Chocolate, Fruit"
Sugar Bee Espresso,liked,Espresso Machine,Great !,05/03/2022,"Sweet, Syrup, Chocolate, Fruit"
Sugar Bee Espresso,liked,Espresso Machine,"they say it is, but one of the best darker roasted espresso I've had on bottomless. They really nail that syrupy flavor without too much bitter roasty flavors and a pleasant sweetness holding it together. Was very sensitive to water quality, and suprisingly seemed to pull better flavored shots around 3-6 days old than the typical.8-11 day old ones",04/13/2022,"Sweet, Syrup, Chocolate, Fruit"
Sugar Bee Espresso,liked,Espresso Machine,It’s good,04/09/2022,"Sweet, Syrup, Chocolate, Fruit"
Sugar Bee Espresso,liked,Drip,Nice and smooth,04/03/2022,"Sweet, Syrup, Chocolate, Fruit"
Sugar Bee Espresso,liked,Superautomatic Espresso Machine,Delicious,03/29/2022,"Sweet, Syrup, Chocolate, Fruit"
Sugar Bee Espresso,disliked,Espresso Machine,,03/08/2022,"Sweet, Syrup, Chocolate, Fruit"
Sugar Bee Espresso,liked,Espresso Machine,Typical Espresso,03/02/2022,"Sweet, Syrup, Chocolate, Fruit"
Sugar Bee Espresso,liked,Espresso Machine,Great balance,04/19/2021,"Sweet, Syrup, Chocolate, Fruit"
Snow Joe,liked,Pour Over,,09/08/2022,"Cocoa, Spice, Almond"
Narwhal Blend,disliked,Pour Over,"I received was not a light roast, it is more of a medium-dark roast. Brewing at lower temperatures helps fix some of the bitter notes from coming through but overall not the coffee for me. Brewed in a Hario Switch and a Fellow Aiden.",06/08/2025,"Milk Chocolate, Cherry, Nougat, Sugar Cane"
Narwhal Blend,liked,Cold Brew,,08/10/2024,"Milk Chocolate, Cherry, Nougat, Sugar Cane"
Narwhal Blend,liked,French Press,very pleasant cup for me. What I came here to say it that they threw in a matching single serve Steeped coffee colaboration product that just is really amazing.,03/02/2024,"Milk Chocolate, Cherry, Nougat, Sugar Cane"
Narwhal Blend,liked,Espresso Machine,,04/13/2022,"Milk Chocolate, Cherry, Nougat, Sugar Cane"
Mexico Santa Fe,liked,Drip,,11/25/2024,
Mexico Santa Fe,disliked,Aeropress,,03/11/2024,
Mexico Santa Fe,liked,Pour Over,super yumz,04/25/2022,
Little Buddy,disliked,Espresso Machine,"Wayyyy too light for espresso. If you like light coffee, this is for you.",10/22/2025,"Stone Fruit, Flowers, Berry"
Little Buddy,disliked,Espresso Machine,Too light for my taste but my family loved it.,08/24/2025,"Stone Fruit, Flowers, Berry"
Little Buddy,disliked,Espresso Machine,grind this fine enough for an espresso shot. All my shots were about 12-15 seconds with the finest grind available. 18g in and 36g out. Would not request again.,05/18/2025,"Stone Fruit, Flowers, Berry"
Little Buddy,disliked,Espresso Machine,,07/27/2024,"Stone Fruit, Flowers, Berry"
Little Buddy,liked,Espresso Machine,"make americanos, and this was a great blend. Easier to dial in than single origin, but still a great body! Photos:",11/16/2023,"Stone Fruit, Flowers, Berry"
Little Buddy,liked,Espresso Machine,Delicious in lattes!,06/25/2022,"Stone Fruit, Flowers, Berry"
Little Buddy,liked,Espresso Machine,"Bold, strong flavor if you like Ethiopian style beans. Great for espresso and drip.",06/10/2022,"Stone Fruit, Flowers, Berry"
Little Buddy,disliked,Espresso Machine,"one note, not my favorite flavors.",06/01/2022,"Stone Fruit, Flowers, Berry"
Little Buddy,liked,Espresso Machine,Great for espresso,05/16/2022,"Stone Fruit, Flowers, Berry"
Little Buddy,liked,Espresso Machine,One of my all time favorites so far.,05/05/2022,"Stone Fruit, Flowers, Berry"
Little Buddy,liked,Espresso Machine,"Loved this one, excellent profile",05/02/2022,"Stone Fruit, Flowers, Berry"
Brazil Carmo De Minas,disliked,French Press,,09/10/2023,"Lemon, Cinnamon, Almond"
Brazil Carmo De Minas,liked,Drip,think I would like this coffee but I have been pleasantly surprised. This cup is mellow and flavorful with a mild roast. Highly recommend even if you don't think you'll be a fan based on the notes provided.,02/02/2023,"Lemon, Cinnamon, Almond"
Brazil Carmo De Minas,disliked,Keurig,"I didn't really enjoy the taste of this one, it seemed to be more bland then other medium roast coffees I've had.",06/26/2022,"Lemon, Cinnamon, Almond"
Brazil Carmo De Minas,liked,Pour Over,Great brightness and full taste. Hated the bag though. Ripped day one,06/22/2022,"Lemon, Cinnamon, Almond"
Brazil Carmo De Minas,disliked,Stovetop Percolator,"a bad run with Brazilian coffees, to my surprise. Meh coffee - while decently strong, it doesn't have much flavour to speak of.",06/16/2022,"Lemon, Cinnamon, Almond"
Brazil Carmo De Minas,disliked,Drip,Not a strong enough flavor.,05/12/2022,"Lemon, Cinnamon, Almond"
Brazil Carmo De Minas,disliked,Drip,Too fruity,04/28/2022,"Lemon, Cinnamon, Almond"
Brazil Carmo De Minas,disliked,Aeropress,"Dark and bitter, just not to my liking.",03/10/2022,"Lemon, Cinnamon, Almond"
Brazil Carmo De Minas,liked,Pour Over,from my random rotation from 7 roasters. I'm not good at describing coffee notes but this one stands out!!!,03/07/2022,"Lemon, Cinnamon, Almond"
Big Truck,liked,Espresso Machine,"wasn't anything wrong with this espresso, it wasn't particularly remarkable either. The one area where it did stand out against competitors was texture. Understandable that this is the roasters sort of signature blend,given how accessible it is. Ground at 16.5 on a Niche Zero and extracted 19g in 38 out in 25-30 seconds on a Flair 58",02/26/2024,"Berry, Sweet, Chocolate"
Big Truck,liked,Mokapot,"Delicious brewed any way, but extra good in a Mokapot! Very full flavor.",09/20/2023,"Berry, Sweet, Chocolate"
Big Truck,liked,Superautomatic Espresso Machine,"Really good, strong notes of blueberry.",09/06/2023,"Berry, Sweet, Chocolate"
Big Truck,disliked,Drip,"for me. The fruit / tart flavor definitely shows through. It's alright for a coffee, not my favorite or least favorite.",05/31/2023,"Berry, Sweet, Chocolate"
Big Truck,liked,Espresso Machine,Solid. I also have liked this roaster's other coffees.,05/28/2023,"Berry, Sweet, Chocolate"
Big Truck,liked,Espresso Machine,,05/15/2023,"Berry, Sweet, Chocolate"
Big Truck,liked,Espresso Machine,Very good,07/27/2022,"Berry, Sweet, Chocolate"
Big Truck,disliked,Espresso Machine,Too fruity for me,06/24/2022,"Berry, Sweet, Chocolate"
Big Truck,disliked,Drip,After drink this roast over learned I don't care for berries flavor,06/21/2022,"Berry, Sweet, Chocolate"
Big Truck,liked,Superautomatic Espresso Machine,Iits been a great smooth tasting coffee. I definitely buy it again.,05/29/2022,"Berry, Sweet, Chocolate"
Big Truck,disliked,Superautomatic Espresso Machine,Leans too bitter,05/17/2022,"Berry, Sweet, Chocolate"
Big Truck,liked,Moccamaster,Lovely clean balanced brew,03/23/2022,"Berry, Sweet, Chocolate"
Big Truck,liked,Espresso Machine,Well balanced,03/23/2022,"Berry, Sweet, Chocolate"
Big Truck,disliked,Espresso Machine,"enjoy floral notes, this is a great choice for you! I was unsure if I liked floral hints in my medium roast blend but I found out that this wasn’t my preference. The coffee itself wasn’t bad, but I didn’t love the floral taste at the end. I would say this blend is better equipped for those who have a broad flavor profile and can appreciate the unique taste this coffee offers. Another note: this blend would probably make a wonderful lavender latte!",02/25/2022,"Berry, Sweet, Chocolate"
Big Truck,liked,Espresso Machine,Really nicely balanced espresso with chocolatey notes. Definitely recommend.,05/03/2021,"Berry, Sweet, Chocolate"
Big Truck,liked,Moccamaster,"4 for the machine, 6 for Chemex",05/30/2020,"Berry, Sweet, Chocolate"
Organic Espresso,liked,Espresso Machine,Lovr this coffee,09/26/2025,"Blueberry, Brown Sugar, Chocolate"
Cafe Carmelita Decaf,liked,Hario switch mixed immersion & percolation,& percolation This has been such a great coffee! The flavors are rich and complex but not heavy. Clean and clear on the palette with good sweetness and acidity balance. Very glad I tried this.,08/14/2025,"Caramel, Cocoa, Butter"
French Royale,liked,Pour Over,"At first I thought it was too bitter, but it's really grown on me!",03/04/2024,
French Royale,liked,French Press,"MY FAV COFFEE! I have searched for others on your website, and non are comparable! It is the right combo of bold dark bitter roast and sweetness. And the aroma - Mmmmmmmm!",01/17/2023,
French Royale,liked,Pour Over,Delicious and bold,12/03/2022,
French Royale,liked,Pour Over,Good strong coffee and smell,10/31/2022,
French Royale,liked,Superautomatic Espresso Machine,"Excellent...dark, shiny beans seem to brew the kind of cup I really enjoy.",07/27/2022,
French Royale,liked,Pour Over,A perfect cup of coffee!,04/07/2022,
Mwendi Wega AA - Kenya,liked,Pour Over,Makes for a delightfully smooth cup of coffee.,10/06/2023,"Cola, Blackberry, Grapefruit"
Upland,disliked,Drip,"for me! Definitely a dark roast, not medium like advertised. Bitter and nothing like the taste thats described. It's really acidic too. Not a fan at all",01/23/2023,"Milk Chocolate, Almond, Sweet"
Upland,liked,Drip,,07/18/2022,"Milk Chocolate, Almond, Sweet"
Upland,disliked,Pour Over,Was not for me,06/19/2022,"Milk Chocolate, Almond, Sweet"
Deja Vu,disliked,Pour Over,"Blossom Coffee Roasters' Deja Vu, and it's like sipping on a cozy chocolate hug. Brewed it with both a Kalita Wave and a drip machine - both ways were delicious. The Kalita gave me a rich, smooth cup with deep cacao vibes and a touch of caramel sweetness. The drip was lighter but still packed with that melted chocolate flavor. If you’re into bold, chocolaty coffee, this won't disappoint.",09/07/2024,"Chocolate, Sugar, Smoke"
Deja Vu,liked,Moccamaster,has become my favorite. I believe I am on my 4th coffee from them and have really enjoyed all of them. I have just received as a one off purchase my first DECAF coffee from Bottomless and ordered from Blossum because I knew it would be good. My next regular bag is due to arrive 2 days and I look forward to it.,12/07/2023,"Chocolate, Sugar, Smoke"
Deja Vu,liked,Drip,The best I’ve had from bottomless so far,07/24/2023,"Chocolate, Sugar, Smoke"
Deja Vu,liked,Pour Over,Very smooth with a nice light aftertaste,07/25/2022,"Chocolate, Sugar, Smoke"
Deja Vu,liked,Aeropress,"Flavorful, a little dark for me, but brews well.",07/19/2022,"Chocolate, Sugar, Smoke"
Deja Vu,liked,Pour Over,love this one,07/01/2022,"Chocolate, Sugar, Smoke"
Deja Vu,liked,Espresso Machine,Best coffee yet,06/25/2022,"Chocolate, Sugar, Smoke"
Deja Vu,liked,French Press,This coffee is one of the best I’ve received so far! The chocolatey undertones 🤌😘,04/29/2022,"Chocolate, Sugar, Smoke"
Ratu Ketiara Women's Cooperative,disliked,Pour Over,"with both v60 and moccamaster, didn't get much more than an average cup of coffee... which is luckily still pretty damn good, but not repeatable.",09/15/2025,"Dark Chocolate, Caramel, Dark Cherry"
Ratu Ketiara Women's Cooperative,liked,Moccamaster,Beautiful coffee.,02/21/2023,"Dark Chocolate, Caramel, Dark Cherry"
Streamline Espresso Blend,liked,Espresso Machine,,10/06/2023,"Hazelnut, Cocoa, Blueberry"
Streamline Espresso Blend,liked,Espresso Machine,,07/25/2022,"Hazelnut, Cocoa, Blueberry"
Streamline Espresso Blend,liked,Espresso Machine,,07/02/2022,"Hazelnut, Cocoa, Blueberry"
Streamline Espresso Blend,disliked,Superautomatic Espresso Machine,"The taste is interesting. Different. Not unpleasant, but not my thing. Not a fan of the aftertaste.",05/30/2022,"Hazelnut, Cocoa, Blueberry"
Streamline Espresso Blend,liked,Espresso Machine,Really creamy and delicious.,05/18/2022,"Hazelnut, Cocoa, Blueberry"
Streamline Espresso Blend,liked,Espresso Machine,Very smooth and flavorful with milk!,05/11/2022,"Hazelnut, Cocoa, Blueberry"
Sumatra Mandheling Old School,liked,French Press,"what I normally drink, but wanted to give it a try for the interesting tasting notes. Good for the price point/roast level. This is not your cup if you are looking for something bright and nuanced. This is for the full body, smokey, bitter dark chocolate people.",03/02/2024,"Chocolate, Cedar, Cucumber"
Sumatra Mandheling Old School,liked,Pour Over,Good flavor,07/04/2022,"Chocolate, Cedar, Cucumber"
Ethiopia Yirgachefe,liked,Pour Over,"After a 4.30 Chemex pour over, I picked up some delicate floral notes, a little walnut, and even a hint of Cinnamon",03/10/2024,"Jasmine, Berry, Wine"
Ethiopia Yirgachefe,liked,Drip,,06/27/2023,"Jasmine, Berry, Wine"
Ethiopia Yirgachefe,disliked,Cold Brew,"dismissing. This roast was very unique, we did not like it hot. However, I discovered that this roast cold brewed was very good. The flavor on the cold side was completely different. If you want cold brew, I’d recommend this.",09/22/2022,"Jasmine, Berry, Wine"
Ethiopia Yirgachefe,liked,Pour Over,so far this has been my favorite bag -- so smooth with subtle flavors,05/15/2022,"Jasmine, Berry, Wine"
Ethiopia Yirgachefe,liked,Drip,good. I found it doesn't pair well with milk. I tend to love my Ethiopian coffees but this was one was just okay.,05/12/2022,"Jasmine, Berry, Wine"
Empire Blend,liked,Aeropress,,07/14/2022,"Fruit, Sugar"
Empire Blend,liked,Pour Over,,07/11/2022,"Fruit, Sugar"
Empire Blend,liked,Drip,,05/30/2022,"Fruit, Sugar"
Decaf Ethiopia,liked,Mocapot,So good! First cup that doesn't make me miss being able to drink regular coffee,09/30/2023,"Blueberry, Graham Cracker, Flowers"
Decaf Ethiopia,liked,Espresso Machine,,02/01/2023,"Blueberry, Graham Cracker, Flowers"
Decaf Ethiopia,liked,Pour Over,"roast; toasted sugars, mild and balanced acidity; mild blackberry and jasmine; thin body, low complexity; moderate bitterness in the finish I couldn’t dial away (preferred grind on Preciso: 12A)",10/11/2022,"Blueberry, Graham Cracker, Flowers"
Decaf Ethiopia,liked,Espresso Machine,"Cracker is real... Definitely taste that, I think more than the blueberry. This has been my GO TO decaf for espresso since I like lighter/fruitier roasts!",03/06/2022,"Blueberry, Graham Cracker, Flowers"
Espresso Velluto Organic,liked,Espresso Machine,by far my favorite Photos:,11/23/2025,"Chocolate, Stone Fruit"
Espresso Velluto Organic,disliked,Espresso Machine,Full bodied espresso with overpowering bakers chocolate notes. Did not enjoy even with milk.,02/25/2024,"Chocolate, Stone Fruit"
Espresso Velluto Organic,liked,Moccamaster,This coffee is E-X-C-E-L-L-E-N-T !!!,11/03/2023,"Chocolate, Stone Fruit"
Espresso Velluto Organic,liked,Espresso Machine,,02/13/2023,"Chocolate, Stone Fruit"
Espresso Velluto Organic,liked,Drip,,02/05/2023,"Chocolate, Stone Fruit"
Espresso Velluto Organic,disliked,Espresso Machine,verry light,06/09/2022,"Chocolate, Stone Fruit"
Espresso Velluto Organic,liked,Pour Over,,05/23/2022,"Chocolate, Stone Fruit"
Espresso Velluto Organic,disliked,Superautomatic Espresso Machine,This coffee has a very earthy taste that does not fare well for espresso.,05/14/2022,"Chocolate, Stone Fruit"
Espresso Velluto Organic,disliked,Superautomatic Espresso Machine,Not a fan of the aftertaste,04/15/2022,"Chocolate, Stone Fruit"
Espresso Velluto Organic,disliked,Superautomatic Espresso Machine,Did not like,04/09/2022,"Chocolate, Stone Fruit"
Espresso Velluto Organic,liked,French Press,,04/02/2022,"Chocolate, Stone Fruit"
Espresso Velluto Organic,liked,Espresso Machine,It is wonderful,03/28/2022,"Chocolate, Stone Fruit"
Pano Hawaiian Blend,liked,Drip,So Smooth!,01/27/2026,"Macadamia, Ginger"
Pano Hawaiian Blend,disliked,French Press,"Not so much of a dark roast, pretty sour/acidic. Not a fan.",03/19/2024,"Macadamia, Ginger"
Pano Hawaiian Blend,liked,Drip,this was good nothing super special,04/04/2023,"Macadamia, Ginger"
Pano Hawaiian Blend,disliked,Aeropress,Too watery,03/21/2022,"Macadamia, Ginger"
Pano Hawaiian Blend,liked,Pour Over,I've had this through pour over and drip. Great flavor both black and with a flavor creamer. A must try,03/10/2022,"Macadamia, Ginger"
Leviathan (Espresso Blend),liked,Espresso Machine,Rich espresso with great toasty and chocolate notes.,04/07/2023,"Chocolate, Plum, Brown Sugar"
Leviathan (Espresso Blend),liked,Espresso Machine,"opinion this is the best espresso blend on bottomless. Perfectly balanced, easy to work with, and just so, so tasty.",01/04/2022,"Chocolate, Plum, Brown Sugar"
French Roast Blend,liked,Drip,Tastes like a really bold medium roast. I love it,03/23/2024,"Dark Chocolate, Sweet"
French Roast Blend,disliked,Drip,Weak and tasteless,06/06/2023,"Dark Chocolate, Sweet"
French Roast Blend,liked,Pour Over,This particular coffee produces a lot of static in our grinder.,03/19/2023,"Dark Chocolate, Sweet"
French Roast Blend,liked,Aeropress,Has more body and personality from aero press than French press. Never tried Moka pot with this roast.,09/18/2022,"Dark Chocolate, Sweet"
French Roast Blend,disliked,French Press,,07/13/2022,"Dark Chocolate, Sweet"
French Roast Blend,liked,Espresso Machine,,06/21/2022,"Dark Chocolate, Sweet"
French Roast Blend,liked,Pour Over,"Bold and smooth. A little much on the burnt part of the ""burnt sugar"" note, but otherwise fantastic.",06/09/2022,"Dark Chocolate, Sweet"
Peru Pangoa,liked,Drip,The best I’ve tasted so far. Light and nutty. Not harsh at all.,10/01/2023,"Hazelnut, Toffee"
Peru Pangoa,liked,Espresso Machine,Wonderful coffee!!,07/16/2023,"Hazelnut, Toffee"
Peru Pangoa,liked,French Press,Delicious,08/05/2022,"Hazelnut, Toffee"
Peru Pangoa,liked,French Press,Totally tasty. Light on its feet with a nutty toasty flavor.,04/17/2022,"Hazelnut, Toffee"
Peru Pangoa,liked,French Press,Very smooth and feels like it has cream in it even when black! My favorite by far and the best price!,03/19/2022,"Hazelnut, Toffee"
Classic,disliked,Drip,"Cost to quality ratio did not match. $20 for an ""everyday"" roast shouldn't be a thing.",06/29/2024,"Caramel, Chocolate, Stone Fruit, Honey"
Classic,liked,Aeropress,,11/02/2023,"Caramel, Chocolate, Stone Fruit, Honey"
Classic,liked,Drip,,01/24/2023,"Caramel, Chocolate, Stone Fruit, Honey"
Classic,disliked,Pour Over,,07/10/2022,"Caramel, Chocolate, Stone Fruit, Honey"
Classic,liked,Pour Over,"Great balance. No fuss, just a good everyday/situation coffee.",07/04/2022,"Caramel, Chocolate, Stone Fruit, Honey"
Classic,liked,Pour Over,"my favorite coffee so far... I usually do one cup in the Chemex each morning, and today I am having a second cup!",06/11/2022,"Caramel, Chocolate, Stone Fruit, Honey"
Classic,disliked,Pour Over,"as much flavor as I would have liked. I got it because the bag is super cool--unfortunately, the coffee inside didn't match the outside.",06/07/2022,"Caramel, Chocolate, Stone Fruit, Honey"
Classic,liked,French Press,"Balanced, nutty, smooth",05/08/2022,"Caramel, Chocolate, Stone Fruit, Honey"
Classic,liked,French Press,Beautiful light but full flavor.,05/05/2022,"Caramel, Chocolate, Stone Fruit, Honey"
Ethiopia Guji,disliked,Aeropress,this one as much. Seemed hollow and weak despite brewing for 4 minutes in the Aero press and grinding the beans on very fine with my manual burr grinder.,12/21/2023,"Raspberry, Tea, Sugar, Mango"
Ethiopia Guji,disliked,French Press,"ok but flavorless for some reason. I don’t know if something just went wrong and it was drinkable, just had almost no flavor. Strange.",12/10/2023,"Raspberry, Tea, Sugar, Mango"
Ethiopia Guji,disliked,Pour Over,"Just an average cup of coffee. If you want nothing crazy with your coffee, this is it.",03/21/2023,"Raspberry, Tea, Sugar, Mango"
Ethiopia Guji,liked,Pour Over,"what I’d consider the perfect coffee! It’s nose is rich, palate and finish are very smooth with very little bitterness. If you like a more fruity finish, this bag is not for you.",02/08/2023,"Raspberry, Tea, Sugar, Mango"
Ethiopia Guji,liked,Pour Over,,07/27/2022,"Raspberry, Tea, Sugar, Mango"
Ethiopia Guji,liked,Pour Over,,07/24/2022,"Raspberry, Tea, Sugar, Mango"
Ethiopia Guji,liked,Espresso Machine,,07/12/2022,"Raspberry, Tea, Sugar, Mango"
Ethiopia Guji,disliked,Drip,,07/11/2022,"Raspberry, Tea, Sugar, Mango"
Ethiopia Guji,liked,Pour Over,Delicious,07/05/2022,"Raspberry, Tea, Sugar, Mango"
Ethiopia Guji,disliked,Espresso Machine,Was not able to get the shot correct. Kept over extracting no matter how much I adjusted,06/29/2022,"Raspberry, Tea, Sugar, Mango"
Ethiopia Guji,liked,Pour Over,Close akin to a nice black tea with raspberries.,06/27/2022,"Raspberry, Tea, Sugar, Mango"
Ethiopia Guji,disliked,Pour Over,Not my favorite. A little more bitter than I'd prefer and a strong dark chocolate flavor that I don't love.,06/24/2022,"Raspberry, Tea, Sugar, Mango"
Ethiopia Guji,liked,Pour Over,"Full crisp flavor, with light bitterness on the end. This is a delightful light roast!",06/16/2022,"Raspberry, Tea, Sugar, Mango"
Ethiopia Guji,liked,Pour Over,Very smooth and to me a fruity very good ! I highly recommend it!!,06/10/2022,"Raspberry, Tea, Sugar, Mango"
Ethiopia Guji,liked,Drip,Balanced delicious,05/22/2022,"Raspberry, Tea, Sugar, Mango"
Espresso Noir,liked,Espresso Machine,trying to dial in a new Breville machine. I went through a couple bags of Starbucks I got from the store and the only way I could drink it was to drown it in milk. My first double shot of Tony's Espresso Noir was tasty. I'm happy with that.,10/15/2024,
Espresso Noir,liked,Espresso Machine,,02/18/2024,
Espresso Noir,liked,Espresso Machine,,08/01/2023,
Espresso Noir,liked,Espresso Machine,"5 lbs bag of this to try to revive my espresso journey. I am incapable of giving a highly descriptive review of this coffee as I am still in the process of trying to figure out my pallete. That is, I’m no longer just throwing some milk on top of my shots and calling it good. What I can say is this, for espresso this was seems more acidic than I would have otherwise thought. I am not saying this in a bad way, as I was actually bracing myself for a very bitter brew. The roast is clearly dark and oils can be seen on the beans, evidencing the second crack. All in all, I was pleased with this roast and think that it was an all-in-all good roast to restart my espresso journey with. I mainly buy lift roasts for drip coffee, but that stuff was straight battery acid in my espresso machine. I think this was a good all around roast for espresso.",12/30/2022,
Espresso Noir,liked,Drip,,07/18/2022,
Espresso Noir,liked,Espresso Machine,"So rich and roasty, great crema, one of my favorites so far from bottomless",07/11/2022,
Espresso Noir,liked,Espresso Machine,A nice dark roast for espresso.,06/28/2022,
Espresso Noir,disliked,Espresso Machine,"Comes across to bitter, doesn't work for me",06/20/2022,
Espresso Noir,disliked,Espresso Machine,,05/03/2022,
Triborough Blend,liked,Mix,"Nice dark, versatile, easy going",03/08/2024,"Marzipan, Bittersweet Chocolate, Caramel"
Triborough Blend,liked,Drip,,07/13/2022,"Marzipan, Bittersweet Chocolate, Caramel"
Triborough Blend,disliked,Aeropress,,07/10/2022,"Marzipan, Bittersweet Chocolate, Caramel"
Triborough Blend,liked,Drip,Solid dark roast. Don’t get wny marzipan unfortunately.,07/08/2022,"Marzipan, Bittersweet Chocolate, Caramel"
Triborough Blend,liked,Espresso Machine,"Nice rich flavor, works well in latte.",07/06/2022,"Marzipan, Bittersweet Chocolate, Caramel"
Triborough Blend,liked,Espresso Machine,Chocolatey,06/21/2022,"Marzipan, Bittersweet Chocolate, Caramel"
Triborough Blend,liked,Espresso Machine,Makes a nice espresso,06/06/2022,"Marzipan, Bittersweet Chocolate, Caramel"
Triborough Blend,liked,Espresso Machine,,04/25/2022,"Marzipan, Bittersweet Chocolate, Caramel"
Novacella Decaf,liked,Espresso Machine,,07/19/2022,"Nutmeg, Cocoa, Candied Citrus"
Novacella Decaf,liked,Pour Over,Loved this one! Dark and delicious!,06/02/2022,"Nutmeg, Cocoa, Candied Citrus"
Novacella Decaf,liked,Espresso Machine,Wife really likes the taste of this one in her latte.,05/26/2022,"Nutmeg, Cocoa, Candied Citrus"
Goodnight Moon Decaf,disliked,Pour Over,"Bitter, acidic, tart. All around, not a very enjoyable coffee...",04/06/2023,"Raspberry, Sugar, Grape"
Goodnight Moon Decaf,liked,Superautomatic Espresso Machine,I've really enjoyed the results our Philips espresso machine has given from these beans. Sublime.,03/28/2022,"Raspberry, Sugar, Grape"
Goodnight Moon Decaf,liked,Espresso Machine,"dial in the grind on this one it's very smooth, I'd suggest a restretto pull to keep the acidity low. Otherwise i LOVE it. Very fresh and had a bright/medium fullness. I'm usually not a decaf person but I'll be keeping this around for regular use",02/21/2022,"Raspberry, Sugar, Grape"
Goodnight Moon Decaf,liked,Moccamaster,One of the best decaf coffees I have tasted. This is one of my go to coffees on this site.,09/18/2021,"Raspberry, Sugar, Grape"
Sumatra,liked,Pour Over,Wonderfully mild and fruity with a slightly acidic 'vegetable' finish.,09/19/2022,"Smoke, Tobacco, Mulled Cider"
Sumatra,liked,Pour Over,Good flavor coffee,08/01/2022,"Smoke, Tobacco, Mulled Cider"
Sumatra,liked,Drip,"Solid brew, well balanced",04/07/2022,"Smoke, Tobacco, Mulled Cider"
Sumatra,disliked,Drip,was wrong. My algorithm is for ground and this was whole bean. Photos:,03/10/2022,"Smoke, Tobacco, Mulled Cider"
Coffeehouse Blend,disliked,Pour Over,"I had it, it tasted exactly like cherry fudge, so good! This time I couldn’t wait to finish it. Pretty bad unfortunately",11/07/2022,"Cherry, Fudge"
Coffeehouse Blend,liked,French Press,Nice and smooth.,05/24/2022,"Cherry, Fudge"
Coffeehouse Blend,liked,Drip,Really balanced. Baker’s chocolate and just enough spice. Best so far.,05/18/2022,"Cherry, Fudge"
Costa Rica El Cedral,liked,Aeropress,"Definitely had some of the complexity I like to find in a roast. Not amazing, and maybe a little too floral? Will have to revisit. Still not convinced it is worth the price.",04/27/2022,"Apple, Ginger"
Espresso Classico,liked,Superautomatic Espresso Machine,Wish I had tried this one sooner. Might be my new go-to!,06/25/2023,"Nutella, Toast"
Espresso Classico,liked,Espresso Machine,,07/26/2022,"Nutella, Toast"
Espresso Classico,disliked,Espresso Machine,"Pretty lackluster, doesn't have much to offer. Just tastes like coffee, no special flavors.",06/28/2022,"Nutella, Toast"
Espresso Classico,liked,Espresso Machine,Great taste,03/30/2022,"Nutella, Toast"
Espresso Classico,liked,Espresso Machine,Super rich and complex,03/02/2022,"Nutella, Toast"
Nor'Wester,liked,Pour Over,"Delicious as an iced or hot pour-over. Strong, full flavors. Great with oat milk.",04/10/2024,"Malt, Chocolate, Cherry, Maple Syrup"
Pacific Decaf,liked,Espresso Machine,"Full bodied dark flavors, light acidity but otherwise a full pallet experience",04/06/2022,Bittersweet Chocolate
Diner Blend,disliked,K-Cups,Burnt taste. Not very aromatic.,06/26/2022,
Decaf Asterisk,liked,Pour Over,"chocolatey with a bit of acidity on the finish. I had to grind coarser than expected but once dialed in, it has become a favorite.",01/15/2026,"Milk Chocolate, Caramel, Marshmallow"
Decaf Asterisk,liked,French Press,"Our family’s favorite decaf bean, great in a French press, Aeropress, drip.",09/12/2024,"Milk Chocolate, Caramel, Marshmallow"
Decaf Asterisk,liked,Moca Pot,"A bit light for my taste, but the flavor is good",03/02/2023,"Milk Chocolate, Caramel, Marshmallow"
Decaf Asterisk,liked,Moccamaster,,11/15/2022,"Milk Chocolate, Caramel, Marshmallow"
Decaf Asterisk,disliked,Moccamaster,Just not my preference.,07/28/2022,"Milk Chocolate, Caramel, Marshmallow"
Organic Sumatra Gayo River,disliked,Moccamaster,,08/19/2022,"Nougat, Brown Sugar, Almond, Roasted Nut"
Organic Sumatra Gayo River,disliked,Drip,Just bad. Many of the beans are not whole and the roaster crushed them.,03/20/2022,"Nougat, Brown Sugar, Almond, Roasted Nut"
Struttura,liked,Espresso Machine,,10/13/2025,"Dark Chocolate, Plum, Molasses"
Struttura,liked,Espresso Machine,Produces an exceptionally sweet and full bodied shot. Goes well with milk without losing flavor.,01/31/2024,"Dark Chocolate, Plum, Molasses"
Struttura,liked,Pour Over,Around an 11~ on a Baratza Encore (grind setting). 1:16ish. Super good.,01/24/2024,"Dark Chocolate, Plum, Molasses"
Sun Bear,liked,Pour Over,,07/14/2022,"Chocolate, Berry, Grape"
Sun Bear,liked,Moccamaster,So smooth and delish!,05/12/2022,"Chocolate, Berry, Grape"
Bright Blend,liked,Pour Over,"leaving reviews where I ""dislike"" something - but I do it for the algorithm. This is NOT a bad coffee. Full stop. It's just not my style. It's too clean, too bright, and just not sweet and fruity enough for an anaerobic natural process nut job like me.",05/22/2023,"Berry, Flowers, Citrus, Tropical Fruit"
Bright Blend,liked,French Press,This has been my favorite so far and that is saying a lot. It is so smooth and tastes perfect.,07/25/2022,"Berry, Flowers, Citrus, Tropical Fruit"
Bright Blend,liked,Drip,Nice and bright with a clean after taste.,06/07/2022,"Berry, Flowers, Citrus, Tropical Fruit"
Bright Blend,liked,French Press,This is so light and delicious. Not bitter. Very smooth and well balanced.,06/05/2022,"Berry, Flowers, Citrus, Tropical Fruit"
Bright Blend,liked,Pour Over,Cureig pour over,05/31/2022,"Berry, Flowers, Citrus, Tropical Fruit"
Bright Blend,liked,Pour Over,I love this coffee. It has a very classic taste and no bitterness,05/28/2022,"Berry, Flowers, Citrus, Tropical Fruit"
Bright Blend,liked,Pour Over,Great balance with bright notes. Can't go wrong with this one.,05/22/2022,"Berry, Flowers, Citrus, Tropical Fruit"
Big Band Blend,liked,French Press,"Damn. If you like Dark roast, like dark dark, this is the f@#%ing coffee",07/10/2023,"Almond, Chocolate"
Big Band Blend,liked,French Press,Great flavor and smell. Will order again,10/01/2022,"Almond, Chocolate"
Ethiopia Uraga Suke - Natural,liked,Pour Over,This is a very nice light milk chocolatey cup with a pleasant blackberry forward presence and clean orange acidity,02/14/2026,"Blackberry, Orange, Milk Chocolate"
Ethiopia Uraga Suke - Natural,liked,Pour Over,Such a fruity blast of flavor! This roast is a straight dub of complexity.,02/04/2026,"Blackberry, Orange, Milk Chocolate"
Decaf Colombia Excelso,liked,Espresso Machine,,11/29/2025,
Decaf Colombia Excelso,disliked,Espresso Machine,Seemed bitter,06/28/2022,
"Kayon Mountain, Guji Ethiopia - Natural",liked,Drip,,11/18/2025,"Berry, Cola, Jasmine"
"Kayon Mountain, Guji Ethiopia - Natural",liked,Pour Over,"has some great notes of chocolate and fruit. It makes a very good pour-over and a good drip, Also blends well with a Columbian decaf for a great half-caf.",07/11/2024,"Berry, Cola, Jasmine"
Deco Decaf Blend,liked,French Press,,01/16/2025,"Chocolate, Prune, Graham Cracker"
Deco Decaf Blend,liked,French Press,,07/21/2022,"Chocolate, Prune, Graham Cracker"
Peru Chirinos,liked,Pour Over,Very good!,04/27/2025,"Plum, Almond"
Momma Bear 50/50 Decaf-Regular Blend,disliked,,"this order but it was for the wrong size and I was CHARGED for the MUCH LARGER bag. I received and was charged for an 80oz bag($100) , but I ordered a 12oz bag which cost was no more than $25. Please refund my money because I DID NOT order a bag so larger. I ordered and should be charged for the 12oz ONLY!",12/14/2023,"Chocolate, Marshmallow"
Half Calf,disliked,Pour Over,Flat coffee. Not the top decaf for a light to medium roast,03/23/2022,"Chocolate, Toffee, Almond"
Trail Breaker,liked,Drip,"oily, which in my opinion means extra flavor added to your cup! Next time I'm going to use a wire filter to keep some extra oils into the brew. Dark roast, yes! Hint of smoke, yes! C.A.M.P.F.I.R.E.S.O.N.G vibes all around.",06/22/2025,"Smoke, Dark Chocolate"
Colombia - Bourbon Sidra - Washed,disliked,Pour Over,"not brew like a light roast. Lots of foam, fast drawdown. Have tried a couple different techniques (Rao, Hoffman) and grind sizes on v60 and switch and just cant seem to get a good profile. Its pretty flat with an almost soapy finish.",01/31/2026,"Cherry, Cola, Almond, Butter, Milk Chocolate"
Colombia - Bourbon Sidra - Washed,disliked,"Espresso, V60, and aeropress",Used 3 different brew methods for this coffee trying to unlock the roaster’s flavor notes. Used the proper water and grind size for each specific brew method AND……….flavor has been the same…..muted and tart. Will give it another day or two to settle to see if I get different results.,01/04/2026,"Cherry, Cola, Almond, Butter, Milk Chocolate"
